filename,status, issue_cause downloadURL, issue_cause accessURL
Link to eb521D.zip,delivered,no download url available
Link to eb521A.zip,delivered,no download url available
Link to eb521B.zip,delivered,no download url available
Link to eb521CDK.zip,delivered,no download url available
Link to eb521CSP.zip,delivered,no download url available
Link to eb521CNL.zip,delivered,no download url available
Link to eb521CBE.zip,delivered,no download url available
Link to eb521CEG.zip,delivered,no download url available
Link to eb521CSW.zip,delivered,no download url available
Link to eb521CUK.zip,delivered,no download url available
Link to eb521CIR.zip,delivered,no download url available
Link to eb521Cfr.zip,delivered,no download url available
Link to eb521AP.zip,delivered,no download url available
Link to eb521CGR.zip,delivered,no download url available
Link to eb521CPO.zip,delivered,no download url available
Link to eb521Cau.zip,delivered,no download url available
Link to eb521CLU.zip,delivered,no download url available
Link to eb521AA.zip,delivered,no download url available
Link to eb521CIT.zip,delivered,no download url available
Link to eb521CWG.zip,delivered,no download url available
Link to eb521Cfi.zip,delivered,no download url available
Link to eb521CGE.zip,delivered,no download url available
